emp_id,department,gender,project_name
1,Marketing,Male,A
2,Finance,Female,A
3,HR,Male,B
4,Engineering,Female,B
5,Marketing,Male,C
6,Finance,Female,C
7,HR,Male,D
8,Engineering,Female,D
9,Marketing,Male,E
10,Finance,Female,E
11,HR,Male,F
12,Engineering,Female,F
13,Marketing,Male,G
14,Finance,Female,G
15,HR,Male,H
16,Engineering,Female,H
17,Marketing,Male,I
18,Finance,Female,I
19,HR,Male,J
20,Engineering,Female,J
21,Marketing,Male,K
22,Finance,Female,K
23,HR,Male,L
24,Engineering,Female,L
25,Marketing,Male,M
26,Finance,Female,M
27,HR,Male,A
28,Engineering,Female,A
29,Marketing,Male,B
30,Finance,Female,B
31,HR,Male,C
32,Engineering,Female,C
33,Marketing,Male,D
34,Finance,Female,D
35,HR,Male,E
36,Engineering,Female,E
37,Marketing,Male,F
38,Finance,Female,F
39,HR,Male,G
40,Engineering,Female,G
41,Marketing,Male,H
42,Finance,Female,H
43,HR,Male,I
44,Engineering,Female,I
45,Marketing,Male,J
46,Finance,Female,J
47,HR,Male,K
48,Engineering,Female,K
49,Marketing,Male,L
50,Finance,Female,L
51,HR,Male,M
52,Engineering,Female,M
53,Marketing,Male,A
54,Finance,Female,A
55,HR,Male,B
56,Engineering,Female,B
57,Marketing,Male,C
58,Finance,Female,C
59,HR,Male,D
60,Engineering,Female,D
61,Marketing,Male,E
62,Finance,Female,E
63,HR,Male,F
64,Engineering,Female,F
65,Marketing,Male,G
66,Finance,Female,G
67,HR,Male,H
68,Engineering,Female,H
69,Marketing,Male,I
70,Finance,Female,I
71,HR,Male,J
72,Engineering,Female,J
73,Marketing,Male,K
74,Finance,Female,K
75,HR,Male,L
76,Engineering,Female,L
77,Marketing,Male,M
78,Finance,Female,M
79,HR,Male,A
80,Engineering,Female,A
81,Marketing,Male,B
82,Finance,Female,B
83,HR,Male,C
84,Engineering,Female,C
85,Marketing,Male,D
86,Finance,Female,D
87,HR,Male,E
88,Engineering,Female,E
89,Marketing,Male,F
90,Finance,Female,F
91,HR,Male,G
92,Engineering,Female,G
93,Marketing,Male,H
94,Finance,Female,H
95,HR,Male,I
96,Engineering,Female,I
97,Marketing,Male,J
98,Finance,Female,J
99,HR,Male,K
100,Engineering,Female,K
